Temperature,matrix_size,index,energies,magnetisation,accepted_configurations
2.4,20,0,-252,8,229
2.4,20,1000,-493.74,185.634,108233
2.4,20,2000,-493.546,176.114,216702
2.4,20,3000,-489.271,164.942,329767
2.4,20,4000,-490.059,163.641,438379
2.4,20,5000,-496.515,178.292,536187
2.4,20,6000,-494.696,174.879,647310
2.4,20,7000,-493.192,173.696,758983
2.4,20,8000,-493.163,175.91,867650
2.4,20,9000,-490.868,170.746,983543
2.4,20,10000,-491.783,172.395,1090058
2.4,20,11000,-491.4,171.232,1201177
2.4,20,12000,-488.491,164.5,1323363
2.4,20,13000,-489.775,166.939,1427189
2.4,20,14000,-490.256,168.06,1534164
2.4,20,15000,-491.544,170.35,1636423
2.4,20,16000,-493.55,174.74,1733913
2.4,20,17000,-493.294,173.17,1844127
2.4,20,18000,-493.609,174.22,1950246
2.4,20,19000,-492.745,171.846,2064874
2.4,20,20000,-493.105,173.204,2171314
2.4,20,21000,-493.31,173.792,2278492
2.4,20,22000,-493.314,173.761,2387344
2.4,20,23000,-493.795,175.401,2491594
2.4,20,24000,-493.633,175.4,2600877
2.4,20,25000,-493.693,175.63,2708943
2.4,20,26000,-493.519,175.163,2818465
2.4,20,27000,-493.176,174.764,2929779
2.4,20,28000,-493.151,174.748,3037987
2.4,20,29000,-493.167,174.688,3146354
2.4,20,30000,-492.113,172.104,3266961
2.4,20,31000,-492.66,173.381,3369517
2.4,20,32000,-492.859,173.985,3475898
2.4,20,33000,-492.902,173.95,3583913
2.4,20,34000,-493.163,174.372,3689117
2.4,20,35000,-493.097,174.203,3797937
2.4,20,36000,-493.068,174.205,3907205
2.4,20,37000,-493.283,174.618,4012400
2.4,20,38000,-493.922,176.148,4111325
2.4,20,39000,-493.998,176.337,4218763
2.4,20,40000,-494.417,177.421,4320838
2.4,20,41000,-494.894,178.479,4420954
2.4,20,42000,-495.232,179.588,4523083
2.4,20,43000,-495.273,179.591,4630184
2.4,20,44000,-495.533,179.969,4733345
2.4,20,45000,-495.878,180.837,4835249
2.4,20,46000,-495.363,179.805,4950796
2.4,20,47000,-495.75,180.947,5051991
2.4,20,48000,-495.604,180.807,5162170
2.4,20,49000,-496.007,181.984,5261672
2.4,20,50000,-496.236,182.688,5365024
2.4,20,51000,-496.648,183.434,5464747
2.4,20,52000,-496.45,182.963,5575275
2.4,20,53000,-496.195,182.613,5687358
2.4,20,54000,-496.303,183,5792012
2.4,20,55000,-496.413,183.361,5896222
2.4,20,56000,-496.142,182.983,6008339
2.4,20,57000,-496.353,183.42,6111401
2.4,20,58000,-496.538,183.98,6214198
2.4,20,59000,-496.631,184.372,6318830
2.4,20,60000,-496.872,184.769,6419847
2.4,20,61000,-496.653,184.306,6532274
2.4,20,62000,-496.454,183.966,6644285
2.4,20,63000,-496.576,184.123,6749043
2.4,20,64000,-496.645,184.313,6853923
2.4,20,65000,-496.625,184.136,6961668
2.4,20,66000,-496.55,184.052,7070960
2.4,20,67000,-496.651,184.272,7175671
2.4,20,68000,-496.588,183.99,7284238
2.4,20,69000,-496.606,184.177,7391437
2.4,20,70000,-496.739,184.646,7494411
2.4,20,71000,-496.691,184.573,7602559
2.4,20,72000,-496.562,184.427,7713217
2.4,20,73000,-496.453,184.211,7822682
2.4,20,74000,-496.614,184.518,7925335
2.4,20,75000,-496.66,184.745,8031433
2.4,20,76000,-496.742,184.835,8136272
2.4,20,77000,-497.074,185.479,8234068
2.4,20,78000,-496.937,185.058,8344945
2.4,20,79000,-496.972,184.948,8451211
2.4,20,80000,-497.07,185.133,8554853
2.4,20,81000,-497.169,185.275,8658460
2.4,20,82000,-497.247,185.488,8762940
2.4,20,83000,-497.056,184.969,8875619
2.4,20,84000,-497.045,184.91,8982470
2.4,20,85000,-496.913,184.721,9094264
2.4,20,86000,-497.284,185.452,9189088
2.4,20,87000,-497.336,185.663,9294187
2.4,20,88000,-497.24,185.562,9404660
2.4,20,89000,-497.222,185.485,9512430
2.4,20,90000,-496.986,184.99,9627085
2.4,20,91000,-496.727,184.35,9743323
2.4,20,92000,-496.729,184.347,9850053
2.4,20,93000,-496.816,184.46,9954119
2.4,20,94000,-496.817,184.526,10061192
2.4,20,95000,-496.632,184.157,10174544
2.4,20,96000,-496.53,184.09,10285177
2.4,20,97000,-496.432,183.892,10395551
2.4,20,98000,-496.598,184.262,10496052
2.4,20,99000,-496.635,184.418,10601710
2.4,20,100000,-496.731,184.595,10704494
2.4,20,101000,-496.763,184.639,10810315
2.4,20,102000,-496.683,184.51,10920500
2.4,20,103000,-496.623,184.397,11030143
2.4,20,104000,-496.853,184.866,11128214
2.4,20,105000,-496.96,185.122,11230959
2.4,20,106000,-496.868,184.881,11341910
2.4,20,107000,-496.561,184.225,11460695
2.4,20,108000,-496.555,184.234,11568300
2.4,20,109000,-496.542,184.222,11675752
2.4,20,110000,-496.59,184.39,11781122
2.4,20,111000,-496.539,184.361,11890082
2.4,20,112000,-496.568,184.429,11996466
2.4,20,113000,-496.631,184.528,12101331
2.4,20,114000,-496.449,184.232,12216220
2.4,20,115000,-496.279,183.889,12330969
2.4,20,116000,-496.274,183.908,12438649
2.4,20,117000,-496.256,183.744,12547019
2.4,20,118000,-496.359,183.906,12649433
2.4,20,119000,-496.572,184.258,12747751
2.4,20,120000,-496.678,184.496,12850238
2.4,20,121000,-496.798,184.764,12951712
2.4,20,122000,-496.806,184.785,13058158
2.4,20,123000,-496.547,184.362,13177066
2.4,20,124000,-496.583,184.531,13282502
2.4,20,125000,-496.501,184.399,13393329
2.4,20,126000,-496.454,184.251,13502335
2.4,20,127000,-496.372,184.092,13613178
2.4,20,128000,-496.341,184.086,13721687
2.4,20,129000,-496.322,184.138,13829694
2.4,20,130000,-496.479,184.537,13929266
2.4,20,131000,-496.607,184.779,14030411
2.4,20,132000,-496.817,185.275,14127404
2.4,20,133000,-496.679,184.828,14241207
2.4,20,134000,-496.659,184.763,14348956
2.4,20,135000,-496.718,184.871,14453307
2.4,20,136000,-496.572,184.639,14567772
2.4,20,137000,-496.539,184.531,14676087
2.4,20,138000,-496.627,184.815,14778126
2.4,20,139000,-496.618,184.848,14886006
2.4,20,140000,-496.525,184.573,14997745
2.4,20,141000,-496.353,184.128,15113425
2.4,20,142000,-496.421,184.271,15217301
2.4,20,143000,-496.437,184.158,15323612
2.4,20,144000,-496.543,184.417,15424671
2.4,20,145000,-496.518,184.391,15533509
2.4,20,146000,-496.551,184.453,15638456
2.4,20,147000,-496.55,184.45,15745714
2.4,20,148000,-496.574,184.467,15851979
2.4,20,149000,-496.494,184.235,15963447
2.4,20,150000,-496.581,184.417,16065682
2.4,20,151000,-496.557,184.248,16173942
2.4,20,152000,-496.554,184.317,16281241
2.4,20,153000,-496.548,184.343,16389062
2.4,20,154000,-496.652,184.469,16490201
2.4,20,155000,-496.583,184.265,16601583
2.4,20,156000,-496.616,184.322,16707028
2.4,20,157000,-496.755,184.608,16806098
2.4,20,158000,-496.67,184.333,16918196
2.4,20,159000,-496.564,184.13,17030904
2.4,20,160000,-496.542,184.054,17139468
2.4,20,161000,-496.506,183.912,17248264
2.4,20,162000,-496.426,183.738,17360698
2.4,20,163000,-496.494,183.888,17463767
2.4,20,164000,-496.462,183.836,17572739
2.4,20,165000,-496.326,183.561,17688201
2.4,20,166000,-496.345,183.659,17793744
2.4,20,167000,-496.483,183.995,17892291
2.4,20,168000,-496.419,183.886,18003412
2.4,20,169000,-496.348,183.83,18115076
2.4,20,170000,-496.278,183.68,18226929
2.4,20,171000,-496.198,183.424,18339194
2.4,20,172000,-496.084,183.187,18453634
2.4,20,173000,-496.102,183.307,18559501
2.4,20,174000,-496.013,183.164,18672228
2.4,20,175000,-496.196,183.553,18767609
2.4,20,176000,-496.227,183.617,18872452
2.4,20,177000,-496.205,183.57,18980972
2.4,20,178000,-496.216,183.651,19087267
2.4,20,179000,-496.102,183.36,19202143
2.4,20,180000,-496.163,183.462,19305152
2.4,20,181000,-496.096,183.313,19417019
2.4,20,182000,-496.17,183.519,19519266
2.4,20,183000,-496.343,183.869,19614549
2.4,20,184000,-496.271,183.699,19726769
2.4,20,185000,-496.306,183.823,19831407
2.4,20,186000,-496.316,183.893,19937909
2.4,20,187000,-496.189,183.67,20054290
2.4,20,188000,-496.136,183.527,20165316
2.4,20,189000,-496.161,183.605,20270883
2.4,20,190000,-496.17,183.617,20377674
2.4,20,191000,-496.124,183.492,20487941
2.4,20,192000,-496.174,183.552,20591424
2.4,20,193000,-496.152,183.526,20700106
2.4,20,194000,-496.136,183.529,20808103
2.4,20,195000,-496.149,183.592,20913995
2.4,20,196000,-496.051,183.449,21027689
2.4,20,197000,-496.053,183.458,21135044
2.4,20,198000,-496.043,183.442,21242462
2.4,20,199000,-496.127,183.584,21343578
2.4,20,200000,-496.096,183.57,21452991
2.4,20,201000,-496.132,183.616,21557702
2.4,20,202000,-496.059,183.48,21670279
2.4,20,203000,-495.99,183.257,21782793
2.4,20,204000,-495.985,183.311,21890543
2.4,20,205000,-495.963,183.306,21998727
2.4,20,206000,-495.954,183.328,22106511
2.4,20,207000,-495.973,183.395,22212346
2.4,20,208000,-496.006,183.464,22316839
2.4,20,209000,-496.149,183.787,22413154
2.4,20,210000,-496.153,183.788,22519708
2.4,20,211000,-496.05,183.584,22634588
2.4,20,212000,-496.07,183.632,22740166
2.4,20,213000,-496.039,183.515,22849641
2.4,20,214000,-495.953,183.343,22963897
2.4,20,215000,-495.939,183.393,23072790
2.4,20,216000,-496.011,183.574,23174528
2.4,20,217000,-496.134,183.835,23271681
2.4,20,218000,-496.076,183.611,23383442
2.4,20,219000,-496.075,183.702,23490835
2.4,20,220000,-496.051,183.644,23600075
2.4,20,221000,-495.969,183.44,23713769
2.4,20,222000,-495.938,183.393,23823713
2.4,20,223000,-496.005,183.533,23925485
2.4,20,224000,-496.046,183.583,24028907
2.4,20,225000,-496.101,183.632,24131789
2.4,20,226000,-496.022,183.388,24245771
2.4,20,227000,-495.962,183.28,24358302
2.4,20,228000,-496.023,183.436,24460877
2.4,20,229000,-496.118,183.664,24559515
2.4,20,230000,-496.11,183.657,24667098
2.4,20,231000,-495.994,183.405,24785066
2.4,20,232000,-495.98,183.338,24893749
2.4,20,233000,-496.005,183.415,24999154
2.4,20,234000,-495.986,183.386,25108138
2.4,20,235000,-495.918,183.223,25221157
2.4,20,236000,-495.876,183.12,25332489
2.4,20,237000,-495.843,183.111,25442633
2.4,20,238000,-495.864,183.193,25548433
2.4,20,239000,-495.757,183.033,25666035
2.4,20,240000,-495.636,182.775,25783327
2.4,20,241000,-495.574,182.633,25896258
2.4,20,242000,-495.549,182.614,26006112
2.4,20,243000,-495.534,182.571,26115570
2.4,20,244000,-495.542,182.538,26223077
2.4,20,245000,-495.511,182.459,26333579
2.4,20,246000,-495.425,182.256,26448730
2.4,20,247000,-495.498,182.428,26548884
2.4,20,248000,-495.515,182.464,26654859
2.4,20,249000,-495.414,182.299,26771861
2.4,20,250000,-495.37,182.3,26883403
2.4,20,251000,-495.339,182.201,26994301
2.4,20,252000,-495.382,182.314,27097823
2.4,20,253000,-495.366,182.304,27206517
2.4,20,254000,-495.437,182.431,27307364
2.4,20,255000,-495.439,182.376,27414515
2.4,20,256000,-495.375,182.232,27527815
2.4,20,257000,-495.405,182.314,27632256
2.4,20,258000,-495.37,182.253,27742939
2.4,20,259000,-495.38,182.32,27849497
2.4,20,260000,-495.381,182.354,27956669
2.4,20,261000,-495.389,182.353,28062722
2.4,20,262000,-495.349,182.323,28173796
2.4,20,263000,-495.346,182.35,28281455
2.4,20,264000,-495.324,182.347,28390902
2.4,20,265000,-495.245,182.14,28506458
2.4,20,266000,-495.229,182.117,28615684
2.4,20,267000,-495.177,182.007,28727605
2.4,20,268000,-495.092,181.865,28843485
2.4,20,269000,-495.104,181.919,28949867
2.4,20,270000,-495.092,181.897,29058960
2.4,20,271000,-495.083,181.874,29167364
2.4,20,272000,-495.115,181.997,29271746
2.4,20,273000,-495.197,182.129,29371455
2.4,20,274000,-495.142,182.065,29484637
2.4,20,275000,-495.162,182.11,29590837
2.4,20,276000,-495.151,182.09,29699705
2.4,20,277000,-495.164,182.142,29806157
2.4,20,278000,-495.259,182.35,29903896
2.4,20,279000,-495.366,182.546,30001013
2.4,20,280000,-495.307,182.367,30114877
2.4,20,281000,-495.221,182.174,30231615
2.4,20,282000,-495.171,182.089,30344535
2.4,20,283000,-495.199,182.159,30449924
2.4,20,284000,-495.135,181.916,30564642
2.4,20,285000,-495.034,181.73,30682991
2.4,20,286000,-495.071,181.82,30786193
2.4,20,287000,-495.062,181.79,30894785
2.4,20,288000,-495.064,181.77,31002150
2.4,20,289000,-495.073,181.818,31108808
2.4,20,290000,-495.072,181.807,31216347
2.4,20,291000,-495.025,181.636,31329528
2.4,20,292000,-495.014,181.622,31438482
2.4,20,293000,-494.996,181.587,31548381
2.4,20,294000,-495.037,181.672,31651806
2.4,20,295000,-495.028,181.684,31761066
2.4,20,296000,-495.05,181.759,31866296
2.4,20,297000,-495.127,181.907,31965430
2.4,20,298000,-495.069,181.787,32079447
2.4,20,299000,-495.07,181.737,32186875
2.4,20,300000,-495.142,181.882,32286609
2.4,20,301000,-495.163,181.928,32392119
2.4,20,302000,-495.191,182.004,32497125
2.4,20,303000,-495.151,181.929,32609192
2.4,20,304000,-495.052,181.631,32728175
2.4,20,305000,-495.083,181.739,32831648
2.4,20,306000,-495.096,181.811,32937365
2.4,20,307000,-495.077,181.765,33047380
2.4,20,308000,-495.052,181.772,33157882
2.4,20,309000,-495.096,181.912,33259984
2.4,20,310000,-495.076,181.9,33369772
2.4,20,311000,-495.04,181.85,33481672
2.4,20,312000,-495,181.787,33593849
2.4,20,313000,-495.009,181.871,33700172
2.4,20,314000,-495.119,182.097,33794968
2.4,20,315000,-495.103,182.097,33903973
2.4,20,316000,-495.152,182.204,34005335
2.4,20,317000,-495.059,182.032,34123798
2.4,20,318000,-495.053,182.054,34232238
2.4,20,319000,-495.035,182.029,34342215
2.4,20,320000,-494.992,181.942,34455148
2.4,20,321000,-494.975,181.856,34564918
2.4,20,322000,-494.961,181.846,34674494
2.4,20,323000,-494.96,181.853,34781693
2.4,20,324000,-494.908,181.774,34895524
2.4,20,325000,-494.862,181.622,35008575
2.4,20,326000,-494.807,181.502,35122788
2.4,20,327000,-494.792,181.409,35232834
2.4,20,328000,-494.737,181.257,35347831
2.4,20,329000,-494.722,181.205,35457802
2.4,20,330000,-494.751,181.284,35562269
2.4,20,331000,-494.732,181.23,35672132
2.4,20,332000,-494.699,181.183,35783715
2.4,20,333000,-494.689,181.172,35892319
2.4,20,334000,-494.669,181.179,36002389
2.4,20,335000,-494.669,181.191,36110267
2.4,20,336000,-494.679,181.23,36216836
2.4,20,337000,-494.627,181.102,36331128
2.4,20,338000,-494.625,181.093,36439735
2.4,20,339000,-494.649,181.178,36544630
2.4,20,340000,-494.606,181.161,36658001
2.4,20,341000,-494.561,181.068,36771310
2.4,20,342000,-494.564,181.094,36878303
2.4,20,343000,-494.579,181.107,36984502
2.4,20,344000,-494.601,181.136,37089875
2.4,20,345000,-494.611,181.19,37196392
2.4,20,346000,-494.634,181.217,37300969
2.4,20,347000,-494.613,181.17,37411186
2.4,20,348000,-494.614,181.129,37519093
2.4,20,349000,-494.617,181.112,37626498
2.4,20,350000,-494.606,181.12,37735740
2.4,20,351000,-494.592,181.06,37845306
2.4,20,352000,-494.651,181.171,37945745
2.4,20,353000,-494.688,181.256,38049434
2.4,20,354000,-494.701,181.32,38155493
2.4,20,355000,-494.717,181.386,38261066
2.4,20,356000,-494.726,181.348,38367585
2.4,20,357000,-494.743,181.385,38473363
2.4,20,358000,-494.745,181.361,38580708
2.4,20,359000,-494.791,181.479,38682561
2.4,20,360000,-494.824,181.558,38786151
2.4,20,361000,-494.854,181.635,38889654
2.4,20,362000,-494.886,181.721,38993459
2.4,20,363000,-494.925,181.816,39095165
2.4,20,364000,-494.909,181.829,39205471
2.4,20,365000,-494.894,181.824,39315050
2.4,20,366000,-494.906,181.867,39420857
2.4,20,367000,-495.012,182.086,39514434
2.4,20,368000,-495.017,182.082,39621327
2.4,20,369000,-494.992,182.055,39731980
2.4,20,370000,-494.96,181.977,39843381
2.4,20,371000,-494.961,181.947,39951354
2.4,20,372000,-494.937,181.846,40062185
2.4,20,373000,-494.959,181.934,40166555
2.4,20,374000,-494.953,181.916,40274731
2.4,20,375000,-494.998,182.008,40375943
2.4,20,376000,-495.03,182.068,40478726
2.4,20,377000,-495.025,182.055,40586990
2.4,20,378000,-495.098,182.198,40684141
2.4,20,379000,-495.105,182.242,40790124
2.4,20,380000,-495.061,182.166,40903238
2.4,20,381000,-495.101,182.24,41005648
2.4,20,382000,-495.072,182.224,41117254
2.4,20,383000,-495.097,182.311,41220844
2.4,20,384000,-495.114,182.321,41325485
2.4,20,385000,-495.076,182.222,41438179
2.4,20,386000,-495.048,182.138,41550122
2.4,20,387000,-495.094,182.245,41650495
2.4,20,388000,-495.044,182.139,41764910
2.4,20,389000,-495.005,182.099,41877613
2.4,20,390000,-494.942,181.945,41994577
2.4,20,391000,-494.893,181.815,42110009
2.4,20,392000,-494.944,181.897,42209654
2.4,20,393000,-494.959,181.959,42315383
2.4,20,394000,-494.986,182.031,42419025
2.4,20,395000,-494.934,181.874,42534268
2.4,20,396000,-494.942,181.875,42640953
2.4,20,397000,-494.977,181.94,42743208
2.4,20,398000,-494.992,181.944,42848890
2.4,20,399000,-494.949,181.809,42962638
2.4,20,400000,-494.934,181.791,43072570
2.4,20,401000,-494.897,181.668,43185918
2.4,20,402000,-494.912,181.685,43291019
2.4,20,403000,-494.902,181.666,43400305
2.4,20,404000,-494.876,181.639,43511921
2.4,20,405000,-494.871,181.62,43621078
2.4,20,406000,-494.847,181.576,43732001
2.4,20,407000,-494.825,181.539,43843617
2.4,20,408000,-494.878,181.656,43942419
2.4,20,409000,-494.82,181.507,44058977
2.4,20,410000,-494.775,181.425,44173504
2.4,20,411000,-494.778,181.457,44280879
2.4,20,412000,-494.744,181.372,44394211
2.4,20,413000,-494.67,181.227,44513208
2.4,20,414000,-494.69,181.255,44617924
2.4,20,415000,-494.659,181.203,44730537
2.4,20,416000,-494.7,181.298,44831839
2.4,20,417000,-494.65,181.241,44946958
2.4,20,418000,-494.622,181.211,45058765
2.4,20,419000,-494.642,181.28,45163281
2.4,20,420000,-494.639,181.257,45271820
2.4,20,421000,-494.623,181.255,45382281
2.4,20,422000,-494.659,181.346,45484093
2.4,20,423000,-494.646,181.294,45593637
2.4,20,424000,-494.595,181.152,45709877
2.4,20,425000,-494.616,181.211,45814735
2.4,20,426000,-494.585,181.119,45927657
2.4,20,427000,-494.56,181.105,46039375
2.4,20,428000,-494.592,181.199,46142538
2.4,20,429000,-494.57,181.162,46253966
2.4,20,430000,-494.596,181.221,46357305
2.4,20,431000,-494.631,181.31,46459425
2.4,20,432000,-494.645,181.344,46564827
2.4,20,433000,-494.604,181.248,46680119
2.4,20,434000,-494.576,181.201,46791953
2.4,20,435000,-494.543,181.11,46904697
2.4,20,436000,-494.572,181.192,47008028
2.4,20,437000,-494.646,181.353,47103874
2.4,20,438000,-494.65,181.375,47211301
2.4,20,439000,-494.656,181.364,47318138
2.4,20,440000,-494.664,181.394,47424523
2.4,20,441000,-494.712,181.517,47524577
2.4,20,442000,-494.766,181.635,47623291
2.4,20,443000,-494.753,181.583,47733724
2.4,20,444000,-494.783,181.673,47836360
2.4,20,445000,-494.78,181.65,47944983
2.4,20,446000,-494.787,181.678,48051586
2.4,20,447000,-494.796,181.667,48156995
2.4,20,448000,-494.743,181.532,48273514
2.4,20,449000,-494.696,181.4,48389261
2.4,20,450000,-494.655,181.298,48503641
2.4,20,451000,-494.662,181.323,48610653
2.4,20,452000,-494.616,181.244,48725886
2.4,20,453000,-494.555,181.099,48843873
2.4,20,454000,-494.53,181.037,48955895
2.4,20,455000,-494.55,181.066,49060253
2.4,20,456000,-494.588,181.177,49162277
2.4,20,457000,-494.596,181.207,49269066
2.4,20,458000,-494.575,181.201,49380784
2.4,20,459000,-494.553,181.119,49492427
2.4,20,460000,-494.537,181.101,49602575
2.4,20,461000,-494.517,181.058,49714063
2.4,20,462000,-494.491,181.035,49826463
2.4,20,463000,-494.506,181.075,49931068
2.4,20,464000,-494.567,181.183,50028267
2.4,20,465000,-494.578,181.194,50134225
2.4,20,466000,-494.656,181.347,50228066
2.4,20,467000,-494.686,181.406,50330515
2.4,20,468000,-494.697,181.413,50436488
2.4,20,469000,-494.643,181.299,50553916
2.4,20,470000,-494.685,181.388,50654129
2.4,20,471000,-494.715,181.447,50756984
2.4,20,472000,-494.688,181.406,50869479
2.4,20,473000,-494.682,181.402,50978212
2.4,20,474000,-494.672,181.394,51087105
2.4,20,475000,-494.687,181.42,51191689
2.4,20,476000,-494.675,181.411,51302376
2.4,20,477000,-494.659,181.371,51412652
2.4,20,478000,-494.64,181.292,51524457
2.4,20,479000,-494.614,181.199,51636987
2.4,20,480000,-494.573,181.095,51751938
2.4,20,481000,-494.609,181.162,51853121
2.4,20,482000,-494.59,181.095,51964410
2.4,20,483000,-494.578,181.043,52074375
2.4,20,484000,-494.586,181.071,52180691
2.4,20,485000,-494.606,181.107,52285163
2.4,20,486000,-494.586,181.049,52397629
2.4,20,487000,-494.592,181.083,52503573
2.4,20,488000,-494.576,181.08,52613854
2.4,20,489000,-494.561,181.041,52724066
2.4,20,490000,-494.542,180.979,52835234
2.4,20,491000,-494.581,181.065,52936438
2.4,20,492000,-494.548,180.981,53050057
2.4,20,493000,-494.531,180.962,53161345
2.4,20,494000,-494.522,180.946,53270922
2.4,20,495000,-494.583,181.065,53367669
2.4,20,496000,-494.588,181.085,53475052
2.4,20,497000,-494.584,181.081,53583256
2.4,20,498000,-494.553,181.023,53697183
2.4,20,499000,-494.587,181.095,53799180
2.4,20,500000,-494.585,181.052,53907340
2.4,20,501000,-494.59,181.043,54014279
2.4,20,502000,-494.569,181.013,54126129
2.4,20,503000,-494.537,180.942,54239691
2.4,20,504000,-494.523,180.908,54350306
2.4,20,505000,-494.534,180.919,54455791
2.4,20,506000,-494.487,180.794,54572827
2.4,20,507000,-494.494,180.82,54679074
2.4,20,508000,-494.461,180.747,54793084
2.4,20,509000,-494.46,180.756,54900967
2.4,20,510000,-494.472,180.786,55006880
2.4,20,511000,-494.438,180.688,55120950
2.4,20,512000,-494.438,180.704,55229048
2.4,20,513000,-494.459,180.748,55332917
2.4,20,514000,-494.426,180.667,55446927
2.4,20,515000,-494.441,180.706,55551903
2.4,20,516000,-494.428,180.677,55662230
2.4,20,517000,-494.444,180.701,55767140
2.4,20,518000,-494.44,180.705,55876005
2.4,20,519000,-494.428,180.672,55985970
2.4,20,520000,-494.46,180.747,56088103
2.4,20,521000,-494.47,180.779,56193974
2.4,20,522000,-494.438,180.727,56307916
2.4,20,523000,-494.443,180.744,56414814
2.4,20,524000,-494.427,180.722,56525906
2.4,20,525000,-494.424,180.728,56634709
2.4,20,526000,-494.459,180.807,56736338
2.4,20,527000,-494.471,180.81,56841691
2.4,20,528000,-494.436,180.751,56955834
2.4,20,529000,-494.428,180.748,57065363
2.4,20,530000,-494.444,180.785,57170818
2.4,20,531000,-494.416,180.711,57284306
2.4,20,532000,-494.397,180.667,57396434
2.4,20,533000,-494.384,180.632,57506841
2.4,20,534000,-494.4,180.671,57611457
2.4,20,535000,-494.4,180.647,57719656
2.4,20,536000,-494.402,180.677,57827182
2.4,20,537000,-494.461,180.795,57923012
2.4,20,538000,-494.478,180.855,58026402
2.4,20,539000,-494.476,180.849,58135135
2.4,20,540000,-494.452,180.817,58247512
2.4,20,541000,-494.433,180.78,58359568
2.4,20,542000,-494.389,180.679,58476345
2.4,20,543000,-494.39,180.709,58583900
2.4,20,544000,-494.366,180.656,58696366
2.4,20,545000,-494.334,180.613,58810762
2.4,20,546000,-494.373,180.673,58911568
2.4,20,547000,-494.407,180.743,59012340
2.4,20,548000,-494.454,180.851,59110447
2.4,20,549000,-494.444,180.852,59220571
2.4,20,550000,-494.471,180.912,59322840
2.4,20,551000,-494.48,180.934,59429515
2.4,20,552000,-494.463,180.89,59541014
2.4,20,553000,-494.451,180.895,59651338
2.4,20,554000,-494.438,180.865,59762252
2.4,20,555000,-494.468,180.932,59863764
2.4,20,556000,-494.484,180.968,59968347
2.4,20,557000,-494.455,180.917,60082741
2.4,20,558000,-494.503,181.03,60180747
2.4,20,559000,-494.522,181.063,60284783
2.4,20,560000,-494.503,181.046,60396880
2.4,20,561000,-494.521,181.105,60500641
2.4,20,562000,-494.529,181.155,60606647
2.4,20,563000,-494.563,181.209,60707329
2.4,20,564000,-494.563,181.236,60815168
2.4,20,565000,-494.54,181.195,60927392
2.4,20,566000,-494.576,181.268,61027993
2.4,20,567000,-494.589,181.313,61133293
2.4,20,568000,-494.582,181.301,61242414
2.4,20,569000,-494.58,181.291,61350435
2.4,20,570000,-494.564,181.251,61461884
2.4,20,571000,-494.547,181.213,61573741
2.4,20,572000,-494.553,181.234,61680298
2.4,20,573000,-494.552,181.245,61788157
2.4,20,574000,-494.545,181.2,61897512
2.4,20,575000,-494.532,181.163,62008301
2.4,20,576000,-494.52,181.11,62118165
2.4,20,577000,-494.521,181.111,62226396
2.4,20,578000,-494.522,181.107,62333649
2.4,20,579000,-494.518,181.115,62442990
2.4,20,580000,-494.533,181.137,62547616
2.4,20,581000,-494.507,181.054,62661368
2.4,20,582000,-494.531,181.106,62763742
2.4,20,583000,-494.523,181.082,62873392
2.4,20,584000,-494.554,181.148,62974838
2.4,20,585000,-494.562,181.191,63080554
2.4,20,586000,-494.57,181.22,63186615
2.4,20,587000,-494.559,181.197,63297158
2.4,20,588000,-494.58,181.24,63400420
2.4,20,589000,-494.597,181.28,63504454
2.4,20,590000,-494.588,181.245,63614384
2.4,20,591000,-494.552,181.199,63729991
2.4,20,592000,-494.544,181.167,63839831
2.4,20,593000,-494.507,181.081,63955918
2.4,20,594000,-494.512,181.095,64062883
2.4,20,595000,-494.476,181.033,64177858
2.4,20,596000,-494.472,181.032,64286452
2.4,20,597000,-494.449,180.949,64399191
2.4,20,598000,-494.486,181.022,64498643
2.4,20,599000,-494.509,181.047,64601297
2.4,20,600000,-494.511,181.044,64708405
2.4,20,601000,-494.504,181.033,64817602
2.4,20,602000,-494.478,180.978,64931448
2.4,20,603000,-494.472,180.982,65040455
2.4,20,604000,-494.477,181.016,65146611
2.4,20,605000,-494.473,181.021,65255622
2.4,20,606000,-494.484,181.049,65361372
2.4,20,607000,-494.498,181.062,65466039
2.4,20,608000,-494.505,181.096,65572119
2.4,20,609000,-494.444,180.951,65693454
2.4,20,610000,-494.46,181.006,65797213
2.4,20,611000,-494.468,181.014,65903252
2.4,20,612000,-494.437,180.943,66018512
2.4,20,613000,-494.417,180.882,66130724
2.4,20,614000,-494.441,180.935,66233161
2.4,20,615000,-494.455,180.979,66337827
2.4,20,616000,-494.472,181.025,66441514
2.4,20,617000,-494.45,180.966,66554652
2.4,20,618000,-494.476,181.005,66657018
2.4,20,619000,-494.47,181.005,66766728
2.4,20,620000,-494.476,181.01,66872668
2.4,20,621000,-494.495,181.055,66975944
2.4,20,622000,-494.471,181.024,67089827
2.4,20,623000,-494.476,181.022,67196296
2.4,20,624000,-494.481,181.03,67302754
2.4,20,625000,-494.48,181.037,67410726
2.4,20,626000,-494.473,181.022,67519889
2.4,20,627000,-494.474,181.016,67627308
2.4,20,628000,-494.518,181.111,67724503
2.4,20,629000,-494.5,181.066,67836451
2.4,20,630000,-494.484,180.998,67947874
2.4,20,631000,-494.496,181.021,68053638
2.4,20,632000,-494.495,181.017,68161814
2.4,20,633000,-494.501,181.015,68267992
2.4,20,634000,-494.476,180.968,68381971
2.4,20,635000,-494.476,180.94,68490002
2.4,20,636000,-494.477,180.93,68597499
2.4,20,637000,-494.46,180.904,68709790
2.4,20,638000,-494.483,180.928,68812551
2.4,20,639000,-494.494,180.945,68917624
2.4,20,640000,-494.504,180.967,69023254
2.4,20,641000,-494.479,180.922,69137342
2.4,20,642000,-494.459,180.869,69249809
2.4,20,643000,-494.427,180.804,69365284
2.4,20,644000,-494.436,180.814,69471130
2.4,20,645000,-494.414,180.777,69584000
2.4,20,646000,-494.375,180.677,69701304
2.4,20,647000,-494.387,180.707,69805925
2.4,20,648000,-494.433,180.801,69902347
2.4,20,649000,-494.435,180.818,70009313
2.4,20,650000,-494.431,180.808,70118063
2.4,20,651000,-494.402,180.746,70232907
2.4,20,652000,-494.397,180.738,70342513
2.4,20,653000,-494.388,180.71,70453578
2.4,20,654000,-494.382,180.709,70563040
2.4,20,655000,-494.39,180.724,70669165
2.4,20,656000,-494.401,180.744,70774242
2.4,20,657000,-494.41,180.743,70879562
2.4,20,658000,-494.421,180.748,70985286
2.4,20,659000,-494.414,180.722,71094630
2.4,20,660000,-494.393,180.691,71208018
2.4,20,661000,-494.391,180.702,71316397
2.4,20,662000,-494.394,180.698,71424107
2.4,20,663000,-494.426,180.758,71523762
2.4,20,664000,-494.438,180.775,71628944
2.4,20,665000,-494.466,180.828,71729695
2.4,20,666000,-494.446,180.779,71842447
2.4,20,667000,-494.436,180.738,71952268
2.4,20,668000,-494.457,180.777,72055651
2.4,20,669000,-494.463,180.809,72161830
2.4,20,670000,-494.464,180.806,72269319
2.4,20,671000,-494.43,180.738,72385476
2.4,20,672000,-494.403,180.68,72500306
2.4,20,673000,-494.401,180.665,72608939
2.4,20,674000,-494.407,180.647,72715233
2.4,20,675000,-494.399,180.638,72825060
2.4,20,676000,-494.377,180.574,72938615
2.4,20,677000,-494.388,180.602,73043522
2.4,20,678000,-494.412,180.657,73145079
2.4,20,679000,-494.395,180.645,73257155
2.4,20,680000,-494.434,180.725,73355560
2.4,20,681000,-494.463,180.793,73455997
2.4,20,682000,-494.484,180.843,73558153
2.4,20,683000,-494.463,180.789,73671667
2.4,20,684000,-494.454,180.763,73782088
2.4,20,685000,-494.428,180.704,73895981
2.4,20,686000,-494.444,180.747,73999825
2.4,20,687000,-494.439,180.712,74109953
2.4,20,688000,-494.456,180.76,74213290
2.4,20,689000,-494.467,180.785,74318759
2.4,20,690000,-494.477,180.808,74424067
2.4,20,691000,-494.468,180.777,74534390
2.4,20,692000,-494.435,180.69,74651031
2.4,20,693000,-494.416,180.645,74763814
2.4,20,694000,-494.373,180.547,74882844
2.4,20,695000,-494.36,180.532,74994123
2.4,20,696000,-494.369,180.549,75099145
2.4,20,697000,-494.351,180.531,75211525
2.4,20,698000,-494.335,180.507,75323558
2.4,20,699000,-494.301,180.433,75440463
2.4,20,700000,-494.295,180.43,75550252
2.4,20,701000,-494.267,180.387,75666169
2.4,20,702000,-494.262,180.377,75775740
2.4,20,703000,-494.281,180.416,75878890
2.4,20,704000,-494.274,180.39,75988648
2.4,20,705000,-494.231,180.301,76107485
2.4,20,706000,-494.263,180.362,76207433
2.4,20,707000,-494.252,180.343,76318138
2.4,20,708000,-494.242,180.303,76429411
2.4,20,709000,-494.249,180.303,76535223
2.4,20,710000,-494.26,180.311,76640925
2.4,20,711000,-494.261,180.318,76748198
2.4,20,712000,-494.279,180.371,76851502
2.4,20,713000,-494.318,180.462,76948632
2.4,20,714000,-494.331,180.505,77053232
2.4,20,715000,-494.324,180.487,77162999
2.4,20,716000,-494.339,180.52,77267694
2.4,20,717000,-494.345,180.515,77373859
2.4,20,718000,-494.354,180.528,77479847
2.4,20,719000,-494.358,180.528,77586517
2.4,20,720000,-494.323,180.455,77703663
2.4,20,721000,-494.339,180.49,77807041
2.4,20,722000,-494.359,180.528,77909446
2.4,20,723000,-494.352,180.507,78018513
2.4,20,724000,-494.342,180.503,78128893
2.4,20,725000,-494.342,180.473,78237330
2.4,20,726000,-494.332,180.432,78348329
2.4,20,727000,-494.33,180.461,78456714
2.4,20,728000,-494.298,180.376,78572710
2.4,20,729000,-494.289,180.37,78682945
2.4,20,730000,-494.294,180.366,78789229
2.4,20,731000,-494.297,180.371,78896107
2.4,20,732000,-494.265,180.3,79012705
2.4,20,733000,-494.268,180.305,79119838
2.4,20,734000,-494.28,180.328,79224963
2.4,20,735000,-494.296,180.37,79328552
2.4,20,736000,-494.308,180.382,79433637
2.4,20,737000,-494.315,180.393,79538970
2.4,20,738000,-494.324,180.416,79644928
2.4,20,739000,-494.332,180.42,79751087
2.4,20,740000,-494.337,180.425,79856926
2.4,20,741000,-494.338,180.406,79964405
2.4,20,742000,-494.339,180.403,80072098
2.4,20,743000,-494.326,180.342,80184496
2.4,20,744000,-494.341,180.389,80288658
2.4,20,745000,-494.356,180.424,80391844
2.4,20,746000,-494.359,180.439,80499085
2.4,20,747000,-494.358,180.436,80607331
2.4,20,748000,-494.355,180.436,80716545
2.4,20,749000,-494.359,180.453,80823557
2.4,20,750000,-494.36,180.469,80930475
2.4,20,751000,-494.344,180.424,81042587
2.4,20,752000,-494.345,180.428,81150342
2.4,20,753000,-494.351,180.444,81256279
2.4,20,754000,-494.339,180.427,81367809
2.4,20,755000,-494.329,180.4,81478609
2.4,20,756000,-494.332,180.416,81585974
2.4,20,757000,-494.311,180.369,81700098
2.4,20,758000,-494.314,180.38,81807119
2.4,20,759000,-494.316,180.374,81913462
2.4,20,760000,-494.323,180.399,82018963
2.4,20,761000,-494.313,180.369,82129892
2.4,20,762000,-494.33,180.398,82232605
2.4,20,763000,-494.307,180.344,82347035
2.4,20,764000,-494.297,180.315,82458375
2.4,20,765000,-494.29,180.29,82568675
2.4,20,766000,-494.283,180.274,82678965
2.4,20,767000,-494.306,180.324,82780351
2.4,20,768000,-494.289,180.293,82893232
2.4,20,769000,-494.29,180.297,83001139
2.4,20,770000,-494.292,180.293,83108602
2.4,20,771000,-494.295,180.28,83215316
2.4,20,772000,-494.326,180.334,83314615
2.4,20,773000,-494.342,180.379,83416911
2.4,20,774000,-494.356,180.4,83520287
2.4,20,775000,-494.345,180.365,83631992
2.4,20,776000,-494.363,180.407,83734921
2.4,20,777000,-494.364,180.416,83842776
2.4,20,778000,-494.345,180.369,83956297
2.4,20,779000,-494.369,180.396,84057460
2.4,20,780000,-494.393,180.452,84159089
2.4,20,781000,-494.4,180.464,84264349
2.4,20,782000,-494.401,180.473,84371971
2.4,20,783000,-494.397,180.463,84481056
2.4,20,784000,-494.403,180.469,84587100
2.4,20,785000,-494.397,180.46,84697050
2.4,20,786000,-494.391,180.431,84806893
2.4,20,787000,-494.43,180.51,84903456
2.4,20,788000,-494.432,180.517,85010759
2.4,20,789000,-494.449,180.543,85113495
2.4,20,790000,-494.457,180.543,85219106
2.4,20,791000,-494.44,180.512,85331760
2.4,20,792000,-494.431,180.509,85442449
2.4,20,793000,-494.429,180.502,85551216
2.4,20,794000,-494.417,180.465,85662481
2.4,20,795000,-494.428,180.505,85766609
2.4,20,796000,-494.436,180.524,85872472
2.4,20,797000,-494.468,180.589,85970779
2.4,20,798000,-494.474,180.602,86077617
2.4,20,799000,-494.441,180.525,86196093
2.4,20,800000,-494.469,180.589,86295220
2.4,20,801000,-494.45,180.535,86408359
2.4,20,802000,-494.466,180.583,86510677
2.4,20,803000,-494.459,180.57,86620482
2.4,20,804000,-494.48,180.61,86722399
2.4,20,805000,-494.473,180.6,86831782
2.4,20,806000,-494.486,180.627,86935089
2.4,20,807000,-494.485,180.619,87042906
2.4,20,808000,-494.49,180.622,87148615
2.4,20,809000,-494.519,180.693,87247506
2.4,20,810000,-494.519,180.7,87354777
2.4,20,811000,-494.503,180.672,87467802
2.4,20,812000,-494.481,180.613,87581985
2.4,20,813000,-494.468,180.599,87694138
2.4,20,814000,-494.471,180.609,87801219
2.4,20,815000,-494.493,180.646,87902707
2.4,20,816000,-494.477,180.6,88015467
2.4,20,817000,-494.463,180.554,88127321
2.4,20,818000,-494.473,180.56,88232019
2.4,20,819000,-494.497,180.61,88332753
2.4,20,820000,-494.506,180.64,88437893
2.4,20,821000,-494.51,180.628,88544475
2.4,20,822000,-494.515,180.666,88650444
2.4,20,823000,-494.539,180.723,88750758
2.4,20,824000,-494.559,180.778,88852415
2.4,20,825000,-494.55,180.748,88962917
2.4,20,826000,-494.573,180.798,89062937
2.4,20,827000,-494.577,180.813,89169840
2.4,20,828000,-494.598,180.862,89270823
2.4,20,829000,-494.594,180.871,89379845
2.4,20,830000,-494.58,180.836,89492295
2.4,20,831000,-494.574,180.827,89601363
2.4,20,832000,-494.588,180.872,89704678
2.4,20,833000,-494.566,180.812,89819628
2.4,20,834000,-494.549,180.774,89932415
2.4,20,835000,-494.544,180.794,90041575
2.4,20,836000,-494.554,180.826,90146534
2.4,20,837000,-494.571,180.857,90249803
2.4,20,838000,-494.562,180.862,90359992
2.4,20,839000,-494.566,180.861,90466744
2.4,20,840000,-494.584,180.898,90569576
2.4,20,841000,-494.554,180.816,90686393
2.4,20,842000,-494.541,180.814,90798650
2.4,20,843000,-494.561,180.854,90900113
2.4,20,844000,-494.557,180.863,91009260
2.4,20,845000,-494.572,180.897,91112931
2.4,20,846000,-494.58,180.921,91218030
2.4,20,847000,-494.595,180.949,91320856
2.4,20,848000,-494.57,180.891,91436194
2.4,20,849000,-494.555,180.871,91549146
2.4,20,850000,-494.562,180.879,91655334
2.4,20,851000,-494.546,180.852,91768412
2.4,20,852000,-494.533,180.818,91880074
2.4,20,853000,-494.545,180.84,91983635
2.4,20,854000,-494.526,180.805,92097910
2.4,20,855000,-494.545,180.837,92199482
2.4,20,856000,-494.557,180.878,92303479
2.4,20,857000,-494.572,180.906,92406542
2.4,20,858000,-494.563,180.886,92517131
2.4,20,859000,-494.562,180.881,92624969
2.4,20,860000,-494.562,180.891,92732749
2.4,20,861000,-494.537,180.817,92848356
2.4,20,862000,-494.539,180.819,92955740
2.4,20,863000,-494.549,180.85,93059863
2.4,20,864000,-494.566,180.894,93161386
2.4,20,865000,-494.581,180.928,93264529
2.4,20,866000,-494.551,180.886,93382439
2.4,20,867000,-494.563,180.911,93486656
2.4,20,868000,-494.538,180.853,93602787
2.4,20,869000,-494.532,180.844,93712392
2.4,20,870000,-494.533,180.855,93819539
2.4,20,871000,-494.508,180.8,93934646
2.4,20,872000,-494.517,180.802,94039971
2.4,20,873000,-494.518,180.824,94147341
2.4,20,874000,-494.53,180.855,94250541
2.4,20,875000,-494.546,180.88,94353591
2.4,20,876000,-494.541,180.87,94463814
2.4,20,877000,-494.546,180.848,94569900
2.4,20,878000,-494.533,180.821,94681730
2.4,20,879000,-494.502,180.763,94799812
2.4,20,880000,-494.523,180.802,94900369
2.4,20,881000,-494.523,180.785,95007827
2.4,20,882000,-494.521,180.774,95116669
2.4,20,883000,-494.517,180.784,95225523
2.4,20,884000,-494.505,180.746,95337169
2.4,20,885000,-494.511,180.754,95443303
2.4,20,886000,-494.515,180.765,95549788
2.4,20,887000,-494.533,180.794,95651636
2.4,20,888000,-494.538,180.803,95757429
2.4,20,889000,-494.552,180.829,95860653
2.4,20,890000,-494.567,180.859,95963978
2.4,20,891000,-494.599,180.921,96060702
2.4,20,892000,-494.583,180.896,96174120
2.4,20,893000,-494.565,180.853,96287932
2.4,20,894000,-494.602,180.922,96383871
2.4,20,895000,-494.608,180.942,96489392
2.4,20,896000,-494.63,180.981,96590316
2.4,20,897000,-494.633,180.986,96697172
2.4,20,898000,-494.625,180.955,96807445
2.4,20,899000,-494.615,180.945,96918141
2.4,20,900000,-494.635,180.991,97019197
2.4,20,901000,-494.627,180.947,97128924
2.4,20,902000,-494.646,180.995,97230322
2.4,20,903000,-494.636,180.972,97341044
2.4,20,904000,-494.626,180.946,97451950
2.4,20,905000,-494.617,180.913,97563084
2.4,20,906000,-494.619,180.914,97670629
2.4,20,907000,-494.649,180.974,97768631
2.4,20,908000,-494.642,180.967,97878696
2.4,20,909000,-494.624,180.937,97993088
2.4,20,910000,-494.6,180.876,98108955
2.4,20,911000,-494.583,180.838,98222107
2.4,20,912000,-494.575,180.832,98333046
2.4,20,913000,-494.589,180.867,98436223
2.4,20,914000,-494.587,180.874,98545319
2.4,20,915000,-494.581,180.867,98655323
2.4,20,916000,-494.576,180.854,98764654
2.4,20,917000,-494.584,180.877,98869057
2.4,20,918000,-494.595,180.913,98972677
2.4,20,919000,-494.591,180.906,99081588
2.4,20,920000,-494.568,180.856,99197340
2.4,20,921000,-494.566,180.848,99305887
2.4,20,922000,-494.578,180.867,99410121
2.4,20,923000,-494.582,180.879,99517113
2.4,20,924000,-494.582,180.874,99625122
2.4,20,925000,-494.587,180.873,99731447
2.4,20,926000,-494.579,180.863,99842026
2.4,20,927000,-494.577,180.862,99949798
2.4,20,928000,-494.577,180.866,100057432
2.4,20,929000,-494.563,180.822,100170043
2.4,20,930000,-494.56,180.817,100278573
2.4,20,931000,-494.548,180.792,100390721
2.4,20,932000,-494.57,180.839,100491299
2.4,20,933000,-494.589,180.88,100591849
2.4,20,934000,-494.593,180.87,100698770
2.4,20,935000,-494.609,180.9,100800873
2.4,20,936000,-494.614,180.912,100906739
2.4,20,937000,-494.611,180.924,101015465
2.4,20,938000,-494.62,180.948,101119456
2.4,20,939000,-494.623,180.962,101225769
2.4,20,940000,-494.628,180.974,101332001
2.4,20,941000,-494.614,180.946,101444747
2.4,20,942000,-494.591,180.895,101561025
2.4,20,943000,-494.592,180.913,101668528
2.4,20,944000,-494.579,180.871,101781190
2.4,20,945000,-494.587,180.89,101885919
2.4,20,946000,-494.587,180.885,101993829
2.4,20,947000,-494.587,180.88,102102261
2.4,20,948000,-494.599,180.909,102205753
2.4,20,949000,-494.596,180.905,102314925
2.4,20,950000,-494.62,180.95,102415224
2.4,20,951000,-494.61,180.937,102526668
2.4,20,952000,-494.595,180.923,102640015
2.4,20,953000,-494.596,180.923,102747336
2.4,20,954000,-494.597,180.941,102855143
2.4,20,955000,-494.603,180.924,102961034
2.4,20,956000,-494.615,180.96,103064705
2.4,20,957000,-494.593,180.929,103180300
2.4,20,958000,-494.592,180.936,103288339
2.4,20,959000,-494.594,180.93,103395966
2.4,20,960000,-494.581,180.909,103508657
2.4,20,961000,-494.57,180.887,103619505
2.4,20,962000,-494.59,180.934,103720074
2.4,20,963000,-494.58,180.92,103831783
2.4,20,964000,-494.571,180.91,103942113
2.4,20,965000,-494.572,180.91,104049412
2.4,20,966000,-494.566,180.903,104159640
2.4,20,967000,-494.578,180.914,104263780
2.4,20,968000,-494.576,180.924,104372496
2.4,20,969000,-494.573,180.913,104481810
2.4,20,970000,-494.561,180.874,104594052
2.4,20,971000,-494.568,180.866,104699006
2.4,20,972000,-494.55,180.814,104813918
2.4,20,973000,-494.523,180.756,104931701
2.4,20,974000,-494.517,180.756,105041596
2.4,20,975000,-494.503,180.732,105154862
2.4,20,976000,-494.496,180.722,105265402
2.4,20,977000,-494.5,180.734,105371887
2.4,20,978000,-494.505,180.752,105477359
2.4,20,979000,-494.517,180.785,105580292
2.4,20,980000,-494.522,180.804,105685923
2.4,20,981000,-494.534,180.847,105789339
2.4,20,982000,-494.54,180.852,105894852
2.4,20,983000,-494.538,180.845,106003863
2.4,20,984000,-494.548,180.858,106108209
2.4,20,985000,-494.542,180.844,106217879
2.4,20,986000,-494.527,180.786,106332052
2.4,20,987000,-494.528,180.785,106439594
2.4,20,988000,-494.519,180.772,106550598
2.4,20,989000,-494.509,180.757,106662329
2.4,20,990000,-494.493,180.729,106777075
2.4,20,991000,-494.498,180.742,106883605
2.4,20,992000,-494.499,180.75,106991006
2.4,20,993000,-494.495,180.743,107099568
2.4,20,994000,-494.508,180.767,107202595
2.4,20,995000,-494.537,180.831,107299628
2.4,20,996000,-494.539,180.831,107406677
2.4,20,997000,-494.549,180.857,107510847
2.4,20,998000,-494.536,180.832,107623572
2.4,20,999000,-494.523,180.803,107735991